{
    "price_metrics": {
        "terminal_fundamental_price": 100.14591529813825,
        "terminal_impacted_price": 100.09591529813825,
        "terminal_price_distortion": -0.04999999999999716,
        "mean_absolute_price_distortion": 0.020685482294549234,
        "max_absolute_price_distortion": 0.04999999999999716
    },
    "inventory_metrics": {
        "terminal_aggregate_inventory": 0.0,
        "mean_terminal_individual_inventory": 0.02997074260313128,
        "std_terminal_individual_inventory": 0.04248944214176631,
        "mean_individual_trading_volume": 0.9988203037718933,
        "std_individual_trading_volume": 0.07263205902448272
    },
    "control_metrics": {
        "mean_aggregate_trading_rate": 1.0000000000000007,
        "max_aggregate_trading_rate": 3.1346358963566034,
        "min_aggregate_trading_rate": 0.0,
        "aggregate_trading_volume": 1.0000000000000007
    },
    "filtering_metrics": {
        "mean_fundamental_posterior": 0.6473400710740359,
        "mean_impacted_posterior": 0.4227726826708258,
        "mean_absolute_posterior_difference": 0.22456738840321006,
        "max_absolute_posterior_difference": 0.6111900334870796
    },
    "SubPop1_metrics": {
        "prior": 0.8,
        "kappa": 0.5,
        "weight": 0.5,
        "initial_inventory": 1.0,
        "terminal_inventory": 0.0,
        "total_trading_volume": 1.0000000000000007,
        "mean_trading_rate": 1.0000000000000007,
        "max_trading_rate": 1.942095006632822,
        "mean_posterior_fundamental": 0.6728280480127122,
        "mean_posterior_impacted": 0.4496690671328529,
        "posterior_distortion": 0.22315898087985944
    },
    "SubPop2_metrics": {
        "prior": 0.2,
        "kappa": 2.0,
        "weight": 0.5,
        "initial_inventory": 1.0,
        "terminal_inventory": 0.0,
        "total_trading_volume": 1.0000000000000004,
        "mean_trading_rate": 1.0000000000000004,
        "max_trading_rate": 4.3271767860803845,
        "mean_posterior_fundamental": 0.6218520941353596,
        "mean_posterior_impacted": 0.39587629820879877,
        "posterior_distortion": 0.22597579592656067
    },
    "mean_field_convergence": {
        "initial_error": 0.1,
        "final_error": 0.001,
        "error_reduction_factor": 100.0,
        "iterations": 7
    }
}